[
        {
            "name": "Efren Reyes",
            "image": "https://i.postimg.cc/RhYnBf5m/er-slider.jpg",
            "price": "Rs 120",
            "category": "tshirt"
        },
        {
            "name": "Efren Reyes",
            "image": "https://i.postimg.cc/RhYnBf5m/er-slider.jpg",
            "price": "Rs 120",
            "category": "tshirt"
        },
        {
            "name": "Efren Reyes",
            "image": "https://i.postimg.cc/RhYnBf5m/er-slider.jpg",
            "price": "Rs 120",
            "category": "tshirt"
        },
        {
            "name": "Efren Reyes",
            "image": "https://i.postimg.cc/RhYnBf5m/er-slider.jpg",
            "price": "Rs 120",
            "category": "tshirt"
        },
        {
            "name": "Efren Reyes",
            "image": "https://i.postimg.cc/RhYnBf5m/er-slider.jpg",
            "price": "Rs 120",
            "category": "tshirt"
        }
]